{
  "layout": {
    "plot_bgcolor": "white",
    "paper_bgcolor": "white",
    "font": {
      "family": "Roboto, sans-serif",
      "size": 8,
      "color": "black"
    },
    "xaxis": {
      "zeroline": false,
      "showline": false,
      "showticklabels": false,
      "showgrid": false
    },
    "yaxis": {
      "zeroline": false,
      "showline": false,
      "showticklabels": false,
      "showgrid": false
    },
    "title": {
      "x": 0.5,
      "font": {
        "size": 20
      }
    },
    "legend": {
      "bgcolor": "rgba(255, 255, 255, 0.5)",
      "bordercolor": "black",
      "borderwidth": 1
    }
  }
}